X1,X2,X3,X4,X5,X6,class
0.40126576,0.14910898,-0.50146835,1.4628289,-0.37786573,1.650411,1
0.16599286,-0.0057170995,-0.14081588,-0.85955255,-0.37786573,-0.94572324,0
0.23476233,0.14910898,0.08459192,-0.85955255,-0.37786573,-0.94572324,0
-0.25001164,-0.37729969,-0.32114211,1.2691565,3.652984,1.0927906,1
-0.35858611,-0.14284877,0.039510361,0.57294838,-0.37786573,1.0348956,0
-0.083508213,-0.38614689,-0.18589744,1.2615615,-0.37786573,0.9434824,0
0.75425981,0.016400912,0.08459192,4.9421817,1.4216019,1.2512401,1
0.12635725,-0.18266119,-0.14081588,-0.85955255,-0.37786573,-0.94572324,0
0.46427622,-0.45250093,-0.36622367,-0.85955255,-0.37786573,-0.94572324,0
0.52186642,-0.37729969,-0.27606055,1.840891,1.928619,1.2878054,1
0.11670242,-0.30652205,-0.050652758,-0.85955255,-0.37786573,-0.94572324,1
-0.54558487,-0.44807732,0.85097843,-0.85955255,-0.37786573,-0.94572324,0
-0.3477456,-0.43923012,-0.18589744,1.2029112,3.8428643,1.3091351,1
-0.27948427,-0.41268851,0.62557063,0.60670392,-0.37786573,0.67228997,0
-0.22985507,-0.12515436,1.5272018,-0.85955255,-0.37786573,-0.94572324,0
0.18767387,-0.32864006,-0.45638679,1.4054445,4.6050526,1.6382225,1
0.14990148,-0.076494735,-0.18589744,-0.85955255,-0.37786573,-0.94572324,0
0.87909504,-0.43923012,0.039510361,-0.85955255,-0.37786573,-0.94572324,0
0.2361174,-0.4082649,0.26491816,0.71598749,0.26223547,1.2451459,0
1.2417439,4.2055522,-0.32114211,1.3657817,1.8293491,0.529076,1
-0.04878471,-0.43038291,-0.27606055,1.0948935,1.6864532,1.4858672,1
4.5111734,-0.37729969,-0.54654991,-0.85955255,-0.37786573,-0.94572324,0
1.2049878,1.7637238,-0.50146835,1.5624078,6.4890725,0.93129397,1
3.4970778,-0.45250093,-0.54654991,-0.85955255,-0.37786573,-0.94572324,0
0.88028072,1.0957599,0.039510361,1.0058632,0.79414406,0.81855105,0
0.96412527,-0.34191087,-0.41130523,1.5742222,3.703261,1.3792185,1
0.19224721,-0.2003556,-0.230979,1.2003796,2.2620867,1.132403,1
-0.37637132,-0.43480652,1.301794,0.63455224,-0.37786573,1.1110732,0
-0.59131827,-0.43038291,-0.59163147,-0.85955255,-0.37786573,-0.94572324,0
0.11145155,-0.3949941,-0.36622367,1.3463723,2.6611745,1.5681391,1
0.39228847,-0.28440404,-0.41130523,1.416415,3.4600087,1.4614904,1
2.3191888,0.72860087,-0.50146835,-0.85955255,-0.37786573,-0.94572324,1
-0.078257342,-0.36845248,0.08459192,1.3670476,-0.37786573,1.0135658,0
0.25881471,-0.19150839,-0.50146835,1.2670468,3.6908481,1.4828201,1
1.0749017,3.1792765,-0.45638679,1.6484844,2.2694619,0.7393263,0
0.28134264,-0.41711211,-0.36622367,0.85100967,2.7896491,1.3457004,1
0.94752574,-0.18708479,-0.41130523,0.89446994,2.4836412,0.93129397,1
-0.13195173,-0.30209845,1.1665493,0.30881124,-0.37786573,1.4767259,0
0.039463802,-0.45250093,-0.36622367,-0.85955255,-0.37786573,-0.94572324,0
0.25305569,-0.0012934972,0.08459192,0.71851916,-0.37786573,1.565092,0
0.54337805,0.1889214,-0.50146835,1.5788636,7.750705,1.4584433,1
1.6563933,5.0504603,0.17475504,0.8045958,-0.37786573,0.4772752,0
-0.16261005,-0.42595931,-0.0055711987,1.015146,-0.37786573,1.2725698,0
0.27947943,-0.3949941,-0.27606055,1.3522795,1.6864532,1.3335119,1
0.11551674,-0.29325125,0.17475504,0.86999717,0.61048661,1.2603814,0
0.54354743,-0.31536926,-0.50146835,1.272954,5.7959945,1.3670301,1
-0.16481202,-0.27998044,0.08459192,-0.18190999,-0.37786573,1.3761714,0
0.56065511,-0.36845248,-0.27606055,4.0645375,2.422861,1.3304648,1
0.37551956,-0.35518168,-0.14081588,1.3915203,1.6613312,1.5559507,1
-0.19021947,-0.4082649,-0.050652758,0.91134771,5.1251739,1.104979,1
-0.26288475,-0.44365372,0.44524439,0.17336712,0.59804084,1.0897435,0
-0.062335345,-0.063223929,-0.45638679,0.87337272,-0.37786573,1.4767259,0
0.43971569,-0.38172329,-0.45638679,1.5700028,4.0721563,1.2116277,1
0.83014337,0.75514249,-0.32114211,0.75775998,1.1283361,0.6357247,0
0.37365634,-0.26228603,-0.32114211,1.7286538,1.3994432,1.3944541,1
-0.48850282,-0.45250093,1.1665493,0.42400203,0.23243805,0.6844784,0
0.17700275,-0.19150839,-0.50146835,1.5788636,7.750705,1.5559507,1
0.45123373,-0.33306367,-0.36622367,1.9143093,3.7314121,1.4980557,1
-0.25102794,-0.29767485,0.35508128,0.80164219,0.85031466,0.55649995,0
0.4158327,0.50742076,-0.50146835,1.3851912,-0.37786573,1.0105187,0
2.8701915,-0.076494735,-0.54654991,2.5552427,10.620608,1.1842038,1
-0.33504188,-0.31094565,20.686865,2.5358333,0.35791646,0.65096023,0
-0.012536761,-0.42153571,0.40016284,1.2181012,1.0804627,1.6900233,1
0.40888799,0.3968307,-0.14081588,1.1936284,0.89700277,1.0866964,0
0.1278817,-0.27113323,-0.50146835,1.5771758,5.2983282,1.6839291,1
-0.12703963,-0.43480652,-0.27606055,1.7767555,4.2067221,1.1872509,1
0.55930005,-0.089765542,-0.50146835,1.5974292,5.2983282,1.5925159,1
-0.36214315,-0.43038291,0.40016284,1.7480633,-0.37786573,0.25788358,0
0.72309335,-0.195932,-0.32114211,4.0645375,2.422861,1.3243706,1
1.0974296,-0.19150839,-0.50146835,2.2552403,6.0677272,1.4157838,1
0.50746887,-0.33306367,-0.50146835,1.6619866,11.803055,1.1202145,1
-0.13872705,-0.3949941,0.30999972,0.95269825,-0.37786573,1.4828201,0
1.0217155,-0.27113323,-0.41130523,5.4784729,-0.37786573,0.79722131,1
-0.10688306,-0.32421646,-0.14081588,1.2662029,-0.37786573,1.5011028,1
-0.43260645,-0.45250093,1.0313047,0.46704035,0.34204645,0.90996423,0
-0.13737199,-0.3994177,0.2198366,0.75775998,0.52326743,1.4553962,0
0.18818202,-0.36845248,0.30999972,2.1197962,0.61730215,1.5833746,1
-0.011181697,-0.41711211,-0.18589744,1.3522795,1.9368503,1.4432078,1
0.4724066,0.1889214,-0.18589744,1.4083981,-0.37786573,1.1202145,1
1.4680395,-0.29767485,-0.50146835,1.2408862,2.5325682,0.69971393,1
0.15176469,-0.33306367,-0.14081588,1.3915203,1.5837262,1.6290812,1
-0.072328939,-0.0057170995,-0.27606055,0.35016178,2.7769399,0.76065604,0
-0.016601952,-0.25786243,0.49032595,1.0088168,0.34711695,1.4096896,0
-0.17531377,-0.44807732,-0.14081588,1.6231678,1.4062258,0.77284447,0
0.48646538,-0.31094565,0.12967348,1.212194,-0.37786573,1.132403,0
-0.21935333,-0.44807732,-0.32114211,-0.85955255,-0.37786573,-0.94572324,0
-0.15024509,-0.3994177,-0.050652758,1.3725328,1.5837262,1.5955631,1
0.20257957,-0.41268851,-0.32114211,1.2235865,2.9641862,1.2817111,1
-0.40669086,-0.43480652,1.1214678,-0.85955255,-0.37786573,-0.94572324,0
-0.053188667,-0.45250093,0.40016284,-0.85955255,-0.37786573,-0.94572324,0
-0.42430669,-0.4038413,1.2116309,0.87421661,0.48145227,0.23350673,0
3.9066457,0.92323937,-0.54654991,2.3383634,10.733443,0.71494946,1
0.68921676,4.6700305,-0.18589744,0.76029165,-0.37786573,0.61439496,0
0.25085371,-0.0012934972,-0.230979,0.61809642,2.1947214,1.01966,0
1.2815489,-0.28440404,-0.50146835,1.3632501,3.3564585,1.1110732,1
-0.14109841,-0.41711211,-0.050652758,-0.85955255,-0.37786573,-0.94572324,0
1.1687399,1.8521958,-0.230979,-0.85955255,-0.37786573,-0.94572324,0
0.14041603,-0.41268851,-0.14081588,1.0991129,1.3052109,1.4645375,1
1.2659657,-0.13842517,-0.18589744,4.3687594,0.46894065,1.3152293,1
-0.050817306,-0.26670963,0.44524439,1.3008023,-0.37786573,1.5315738,0
0.89027431,-0.39057049,-0.50146835,2.4919511,5.129981,1.2055335,1
-0.14550237,-0.32421646,0.76081531,-0.85955255,-0.37786573,-0.94572324,0
0.27558362,-0.27998044,-0.45638679,2.1303448,6.2721276,1.2146748,1
0.18479436,-0.027835111,0.35508128,-0.85955255,-0.37786573,-0.94572324,0
0.6302715,0.67994125,-0.36622367,-0.85955255,-0.37786573,-0.94572324,0
0.81828656,0.25527543,-0.50146835,1.7493291,5.8106133,1.421878,1
0.37433387,-0.2047792,0.17475504,2.5143141,-0.37786573,0.88254028,1
-0.37637132,-0.4038413,4.1419323,-0.85955255,-0.37786573,-0.94572324,0
2.0158239,0.15353258,-0.32114211,2.1923706,-0.37786573,0.96176503,1
0.44310335,-0.023411508,-0.41130523,1.6240116,4.3715462,1.1842038,1
-0.4122805,-0.42153571,0.17475504,-0.85955255,-0.37786573,-0.94572324,0
0.39957193,0.46318474,0.08459192,0.76577692,0.73310051,0.82464527,0
1.1072539,-0.098612747,-0.54654991,1.7096663,7.7221917,1.2603814,1
-0.07639413,-0.45250093,-0.095734317,-0.85955255,-0.37786573,-0.94572324,0
0.5449025,-0.27998044,-0.18589744,1.287722,0.92116996,1.4310193,1
0.45208064,-0.3994177,-0.45638679,1.2835026,3.8428643,1.4553962,1
0.080115707,-0.45250093,0.35508128,-0.85955255,-0.37786573,-0.94572324,0
0.88807233,-0.010140702,-0.45638679,1.856503,4.0365311,1.1811567,1
2.3772871,0.52511517,-0.54654991,2.0193735,10.939259,1.0013774,1
-0.17768513,-0.45250093,-0.32114211,0.65269585,-0.37786573,1.248193,1
0.73664398,-0.22247361,-0.050652758,1.5096647,0.53926914,1.3152293,1
-0.2117311,-0.43038291,-0.27606055,-0.85955255,-0.37786573,-0.94572324,0
0.28896487,-0.45250093,-0.050652758,1.6535477,-0.37786573,0.82769237,0
0.60266208,-0.076494735,-0.45638679,1.8446885,3.068362,1.5407151,1
0.42057542,-0.44807732,-0.230979,-0.85955255,-0.37786573,-0.94572324,0
0.1785272,-0.30209845,-0.32114211,1.0771718,2.2525054,1.3822656,1
0.78695072,0.62685802,-0.27606055,0.71134611,-0.37786573,0.55954706,0
-0.24238941,-0.44365372,0.17475504,-0.85955255,-0.37786573,-0.94572324,0
